{
  "parent": "item/handheld",
  "textures": {
    "layer0": "dragonblockinfinity:item/scouter/scouter"
  },
  "display": {
    "thirdperson_righthand": { "rotation": [ 75, -10, 0 ], "translation": [ 0, 2.5, 0 ], "scale": [ 0.375, 0.375, 0.375 ] },
    "firstperson_righthand": { "rotation": [ 0, -135, 25 ], "translation": [ 0, 4, 2 ], "scale": [ 0.4, 0.4, 0.4 ] },
    "gui": { "rotation": [ 30, -135, 0 ], "translation": [ 0, 0, 0 ], "scale": [ 0.625, 0.625, 0.625 ] },
    "ground": { "rotation": [ 0, 0, 0 ], "translation": [ 0, 3, 0 ], "scale": [ 0.25, 0.25, 0.25 ] },
    "fixed": { "rotation": [ 0, 0, 0 ], "translation": [ 0, 0, 0 ], "scale": [ 0.5, 0.5, 0.5 ] }
  }
}
