{
	"format_version": "1.12.0",
	"minecraft:geometry": [
		{
			"description": {
				"identifier": "geometry.Dinossauro",
				"texture_width": 64,
				"texture_height": 64,
				"visible_bounds_width": 18,
				"visible_bounds_height": 4,
				"visible_bounds_offset": [0, 1, 0]
			},
			"bones": [
				{
					"name": "body",
					"pivot": [0, 24, 0]
				},
				{
					"name": "bone13",
					"parent": "body",
					"pivot": [0, 0, 6],
					"cubes": [
						{
							"origin": [-7.1, 18, 20.1],
							"size": [14.2, 16, 10],
							"uv": {
								"north": {"uv": [0, 0], "uv_size": [18, 30]},
								"east": {"uv": [54, 36], "uv_size": [7, 17]},
								"south": {"uv": [23, 35], "uv_size": [14, 18]},
								"west": {"uv": [23, 35], "uv_size": [14, 18]},
								"up": {"uv": [53, 60], "uv_size": [8, 4]},
								"down": {"uv": [53, 64], "uv_size": [9, -2]}
							}
						},
						{
							"origin": [-5.1, 20, 46.1],
							"size": [10.2, 12, 16],
							"uv": {
								"north": {"uv": [0, 0], "uv_size": [18, 30]},
								"east": {"uv": [54, 36], "uv_size": [7, 17]},
								"south": {"uv": [23, 35], "uv_size": [14, 18]},
								"west": {"uv": [23, 35], "uv_size": [14, 18]},
								"up": {"uv": [53, 60], "uv_size": [8, 4]},
								"down": {"uv": [53, 64], "uv_size": [9, -2]}
							}
						},
						{
							"origin": [-3.1, 22, 81.1],
							"size": [6.2, 8, 15],
							"uv": {
								"north": {"uv": [0, 0], "uv_size": [18, 30]},
								"east": {"uv": [54, 36], "uv_size": [7, 17]},
								"south": {"uv": [23, 35], "uv_size": [14, 18]},
								"west": {"uv": [23, 35], "uv_size": [14, 18]},
								"up": {"uv": [53, 60], "uv_size": [8, 4]},
								"down": {"uv": [53, 64], "uv_size": [9, -2]}
							}
						},
						{
							"origin": [-4.1, 21, 62.1],
							"size": [8.2, 10, 19],
							"uv": {
								"north": {"uv": [0, 0], "uv_size": [18, 30]},
								"east": {"uv": [54, 36], "uv_size": [7, 17]},
								"south": {"uv": [23, 35], "uv_size": [14, 18]},
								"west": {"uv": [23, 35], "uv_size": [14, 18]},
								"up": {"uv": [53, 60], "uv_size": [8, 4]},
								"down": {"uv": [53, 64], "uv_size": [9, -2]}
							}
						},
						{
							"origin": [-3.1, 23, 96.1],
							"size": [5.2, 6, 19],
							"uv": {
								"north": {"uv": [0, 0], "uv_size": [18, 30]},
								"east": {"uv": [54, 36], "uv_size": [7, 17]},
								"south": {"uv": [23, 35], "uv_size": [14, 18]},
								"west": {"uv": [23, 35], "uv_size": [14, 18]},
								"up": {"uv": [53, 60], "uv_size": [8, 4]},
								"down": {"uv": [53, 64], "uv_size": [9, -2]}
							}
						},
						{
							"origin": [-2.1, 24, 115.1],
							"size": [3.2, 4, 19],
							"uv": {
								"north": {"uv": [0, 0], "uv_size": [18, 30]},
								"east": {"uv": [54, 36], "uv_size": [7, 17]},
								"south": {"uv": [23, 35], "uv_size": [14, 18]},
								"west": {"uv": [23, 35], "uv_size": [14, 18]},
								"up": {"uv": [53, 60], "uv_size": [8, 4]},
								"down": {"uv": [53, 64], "uv_size": [9, -2]}
							}
						},
						{
							"origin": [-8.1, 17, 9.9],
							"size": [16.2, 18, 10.2],
							"uv": {
								"north": {"uv": [0, 0], "uv_size": [18, 30]},
								"east": {"uv": [54, 36], "uv_size": [7, 17]},
								"south": {"uv": [23, 35], "uv_size": [14, 18]},
								"west": {"uv": [23, 35], "uv_size": [14, 18]},
								"up": {"uv": [53, 60], "uv_size": [8, 4]},
								"down": {"uv": [53, 64], "uv_size": [9, -2]}
							}
						},
						{
							"origin": [-6.1, 19, 30.1],
							"size": [12.2, 14, 16],
							"uv": {
								"north": {"uv": [0, 0], "uv_size": [18, 30]},
								"east": {"uv": [54, 36], "uv_size": [7, 17]},
								"south": {"uv": [23, 35], "uv_size": [14, 18]},
								"west": {"uv": [23, 35], "uv_size": [14, 18]},
								"up": {"uv": [53, 60], "uv_size": [8, 4]},
								"down": {"uv": [53, 64], "uv_size": [9, -2]}
							}
						}
					]
				},
				{
					"name": "bone14",
					"parent": "body",
					"pivot": [0, 0, 0],
					"cubes": [
						{
							"origin": [-9.1, 16, -5.1],
							"size": [18.2, 20, 15],
							"uv": {
								"north": {"uv": [0, 0], "uv_size": [18, 30]},
								"east": {"uv": [54, 36], "uv_size": [7, 17]},
								"south": {"uv": [23, 35], "uv_size": [14, 18]},
								"west": {"uv": [23, 35], "uv_size": [14, 18]},
								"up": {"uv": [53, 60], "uv_size": [8, 4]},
								"down": {"uv": [53, 64], "uv_size": [9, -2]}
							}
						},
						{
							"origin": [-10.1, 14, -27.1],
							"size": [20.2, 23, 22],
							"uv": {
								"north": {"uv": [0, 0], "uv_size": [18, 30]},
								"east": {"uv": [54, 36], "uv_size": [7, 17]},
								"south": {"uv": [23, 35], "uv_size": [14, 18]},
								"west": {"uv": [23, 35], "uv_size": [14, 18]},
								"up": {"uv": [53, 60], "uv_size": [8, 4]},
								"down": {"uv": [53, 64], "uv_size": [9, -2]}
							}
						},
						{
							"origin": [-8.1, 17, -34.1],
							"size": [16.2, 19, 10],
							"pivot": [0, 25.5, -29.1],
							"rotation": [-12.5, 0, 0],
							"uv": {
								"north": {"uv": [0, 0], "uv_size": [18, 30]},
								"east": {"uv": [54, 36], "uv_size": [7, 17]},
								"south": {"uv": [23, 35], "uv_size": [14, 18]},
								"west": {"uv": [23, 35], "uv_size": [14, 18]},
								"up": {"uv": [53, 60], "uv_size": [8, 4]},
								"down": {"uv": [53, 64], "uv_size": [9, -2]}
							}
						},
						{
							"origin": [-6.1, 20.04432, -38.76659],
							"size": [12.2, 15, 9],
							"pivot": [0, 28.04432, -34.26659],
							"rotation": [-35, 0, 0],
							"uv": {
								"north": {"uv": [0, 0], "uv_size": [18, 30]},
								"east": {"uv": [54, 36], "uv_size": [7, 17]},
								"south": {"uv": [23, 35], "uv_size": [14, 18]},
								"west": {"uv": [23, 35], "uv_size": [14, 18]},
								"up": {"uv": [53, 60], "uv_size": [8, 4]},
								"down": {"uv": [53, 64], "uv_size": [9, -2]}
							}
						},
						{
							"origin": [-4.1, 23.8213, -43.26042],
							"size": [8.2, 13, 8],
							"pivot": [0, 30.8213, -42.26042],
							"rotation": [-10, 0, 0],
							"uv": {
								"north": {"uv": [0, 0], "uv_size": [18, 30]},
								"east": {"uv": [54, 36], "uv_size": [7, 17]},
								"south": {"uv": [23, 35], "uv_size": [14, 18]},
								"west": {"uv": [23, 35], "uv_size": [14, 18]},
								"up": {"uv": [53, 60], "uv_size": [8, 4]},
								"down": {"uv": [53, 64], "uv_size": [9, -2]}
							}
						},
						{
							"origin": [-3.1, 25.63617, -44.59835],
							"size": [6.2, 10, 1.8],
							"pivot": [-0.01, 31.877, -41.59835],
							"rotation": [-10, 0, 0],
							"uv": {
								"north": {"uv": [0, 0], "uv_size": [18, 30]},
								"east": {"uv": [54, 36], "uv_size": [7, 17]},
								"south": {"uv": [23, 35], "uv_size": [14, 18]},
								"west": {"uv": [23, 35], "uv_size": [14, 18]},
								"up": {"uv": [53, 60], "uv_size": [8, 4]},
								"down": {"uv": [53, 64], "uv_size": [9, -2]}
							}
						}
					]
				},
				{
					"name": "head",
					"pivot": [0, 24, 0]
				},
				{
					"name": "bone",
					"parent": "head",
					"pivot": [0, 28.77717, -47.04392],
					"cubes": [
						{
							"origin": [-4.11, 28.9, -55.1],
							"size": [8.22, 8.2, 10.2],
							"uv": {
								"north": {"uv": [1, 35], "uv_size": [20, 20]},
								"east": {"uv": [39, 38], "uv_size": [10, 12]},
								"south": {"uv": [26, 36], "uv_size": [10, 16]},
								"west": {"uv": [40, 51], "uv_size": [10, 12]},
								"up": {"uv": [30, 56], "uv_size": [8, 7]},
								"down": {"uv": [0, 33], "uv_size": [3, -4]}
							}
						},
						{
							"origin": [-3.11, 28.9, -44.9],
							"size": [6.22, 7.2, 1],
							"uv": {
								"north": {"uv": [1, 35], "uv_size": [20, 20]},
								"east": {"uv": [39, 38], "uv_size": [10, 12]},
								"south": {"uv": [26, 36], "uv_size": [10, 16]},
								"west": {"uv": [40, 51], "uv_size": [10, 12]},
								"up": {"uv": [30, 56], "uv_size": [8, 7]},
								"down": {"uv": [0, 33], "uv_size": [3, -4]}
							}
						},
						{
							"origin": [4.1, 26.86793, -54.74292],
							"size": [0, 3, 9.2],
							"uv": {
								"north": {"uv": [1, 35], "uv_size": [20, 20]},
								"east": {"uv": [39, 38], "uv_size": [10, 12]},
								"south": {"uv": [26, 36], "uv_size": [10, 16]},
								"west": {"uv": [40, 51], "uv_size": [10, 12]},
								"up": {"uv": [30, 56], "uv_size": [8, 7]},
								"down": {"uv": [0, 33], "uv_size": [3, -4]}
							}
						},
						{
							"origin": [-4.1, 26.86793, -54.74292],
							"size": [0, 3, 9.2],
							"uv": {
								"north": {"uv": [21, 35], "uv_size": [-20, 20]},
								"east": {"uv": [50, 51], "uv_size": [-10, 12]},
								"south": {"uv": [36, 36], "uv_size": [-10, 16]},
								"west": {"uv": [49, 38], "uv_size": [-10, 12]},
								"up": {"uv": [38, 56], "uv_size": [-8, 7]},
								"down": {"uv": [3, 33], "uv_size": [-3, -4]}
							}
						},
						{
							"origin": [4.1, 28.9, -53.1],
							"size": [1, 4, 6.2],
							"uv": {
								"north": {"uv": [1, 35], "uv_size": [20, 20]},
								"east": {"uv": [39, 38], "uv_size": [10, 12]},
								"south": {"uv": [26, 36], "uv_size": [10, 16]},
								"west": {"uv": [40, 51], "uv_size": [10, 12]},
								"up": {"uv": [30, 56], "uv_size": [8, 7]},
								"down": {"uv": [0, 33], "uv_size": [3, -4]}
							}
						},
						{
							"origin": [-5.1, 28.9, -53.1],
							"size": [1, 4, 6.2],
							"uv": {
								"north": {"uv": [21, 35], "uv_size": [-20, 20]},
								"east": {"uv": [50, 51], "uv_size": [-10, 12]},
								"south": {"uv": [36, 36], "uv_size": [-10, 16]},
								"west": {"uv": [49, 38], "uv_size": [-10, 12]},
								"up": {"uv": [38, 56], "uv_size": [-8, 7]},
								"down": {"uv": [3, 33], "uv_size": [-3, -4]}
							}
						},
						{
							"origin": [3.66699, 28.9, -47.28397],
							"size": [1, 4, 2],
							"pivot": [4.16699, 30.9, -46.28397],
							"rotation": [0, -30, 0],
							"uv": {
								"north": {"uv": [1, 35], "uv_size": [20, 20]},
								"east": {"uv": [39, 38], "uv_size": [10, 12]},
								"south": {"uv": [26, 36], "uv_size": [10, 16]},
								"west": {"uv": [40, 51], "uv_size": [10, 12]},
								"up": {"uv": [30, 56], "uv_size": [8, 7]},
								"down": {"uv": [0, 33], "uv_size": [3, -4]}
							}
						},
						{
							"origin": [-4.66699, 28.9, -47.28397],
							"size": [1, 4, 2],
							"pivot": [-4.16699, 30.9, -46.28397],
							"rotation": [0, 30, 0],
							"uv": {
								"north": {"uv": [21, 35], "uv_size": [-20, 20]},
								"east": {"uv": [50, 51], "uv_size": [-10, 12]},
								"south": {"uv": [36, 36], "uv_size": [-10, 16]},
								"west": {"uv": [49, 38], "uv_size": [-10, 12]},
								"up": {"uv": [38, 56], "uv_size": [-8, 7]},
								"down": {"uv": [3, 33], "uv_size": [-3, -4]}
							}
						},
						{
							"origin": [3.66699, 28.9, -54.71603],
							"size": [1, 4, 2],
							"pivot": [4.16699, 30.9, -53.71603],
							"rotation": [0, 30, 0],
							"uv": {
								"north": {"uv": [36, 36], "uv_size": [-10, 16]},
								"east": {"uv": [49, 38], "uv_size": [-10, 12]},
								"south": {"uv": [21, 35], "uv_size": [-20, 20]},
								"west": {"uv": [50, 51], "uv_size": [-10, 12]},
								"up": {"uv": [30, 63], "uv_size": [8, -7]},
								"down": {"uv": [0, 29], "uv_size": [3, 4]}
							}
						},
						{
							"origin": [-4.66699, 28.9, -54.71603],
							"size": [1, 4, 2],
							"pivot": [-4.16699, 30.9, -53.71603],
							"rotation": [0, -30, 0],
							"uv": {
								"north": {"uv": [26, 36], "uv_size": [10, 16]},
								"east": {"uv": [40, 51], "uv_size": [10, 12]},
								"south": {"uv": [1, 35], "uv_size": [20, 20]},
								"west": {"uv": [39, 38], "uv_size": [10, 12]},
								"up": {"uv": [38, 63], "uv_size": [-8, -7]},
								"down": {"uv": [3, 29], "uv_size": [-3, 4]}
							}
						},
						{
							"origin": [-4.1, 28.9, -63.1],
							"size": [8.2, 6.2, 8],
							"uv": {
								"north": {"uv": [21, 35], "uv_size": [-20, 20]},
								"east": {"uv": [50, 51], "uv_size": [-10, 12]},
								"south": {"uv": [36, 36], "uv_size": [-10, 16]},
								"west": {"uv": [49, 38], "uv_size": [-10, 12]},
								"up": {"uv": [38, 56], "uv_size": [-8, 7]},
								"down": {"uv": [3, 33], "uv_size": [-3, -4]}
							}
						},
						{
							"origin": [-4.8, 32.95, -57.1],
							"size": [1, 2.2, 2],
							"pivot": [-4.5, 34, -56.1],
							"rotation": [0, -7.5, 0],
							"uv": {
								"north": {"uv": [21, 35], "uv_size": [-20, 20]},
								"east": {"uv": [50, 51], "uv_size": [-10, 12]},
								"south": {"uv": [36, 36], "uv_size": [-10, 16]},
								"west": {"uv": [49, 38], "uv_size": [-10, 12]},
								"up": {"uv": [38, 56], "uv_size": [-8, 7]},
								"down": {"uv": [3, 33], "uv_size": [-3, -4]}
							}
						},
						{
							"origin": [3.8, 32.95, -57.1],
							"size": [1, 2.2, 2],
							"pivot": [4.5, 34, -56.1],
							"rotation": [0, 7.5, 0],
							"uv": {
								"north": {"uv": [1, 35], "uv_size": [20, 20]},
								"east": {"uv": [39, 38], "uv_size": [10, 12]},
								"south": {"uv": [26, 36], "uv_size": [10, 16]},
								"west": {"uv": [40, 51], "uv_size": [10, 12]},
								"up": {"uv": [30, 56], "uv_size": [8, 7]},
								"down": {"uv": [0, 33], "uv_size": [3, -4]}
							}
						},
						{
							"origin": [4.1, 26.9, -57.1],
							"size": [0, 2, 2],
							"uv": {
								"north": {"uv": [21, 35], "uv_size": [-20, 20]},
								"east": {"uv": [50, 51], "uv_size": [-10, 12]},
								"south": {"uv": [36, 36], "uv_size": [-10, 16]},
								"west": {"uv": [49, 38], "uv_size": [-10, 12]},
								"up": {"uv": [38, 56], "uv_size": [-8, 7]},
								"down": {"uv": [3, 33], "uv_size": [-3, -4]}
							}
						},
						{
							"origin": [-4.1, 26.9, -57.1],
							"size": [0, 2, 2],
							"uv": {
								"north": {"uv": [1, 35], "uv_size": [20, 20]},
								"east": {"uv": [39, 38], "uv_size": [10, 12]},
								"south": {"uv": [26, 36], "uv_size": [10, 16]},
								"west": {"uv": [40, 51], "uv_size": [10, 12]},
								"up": {"uv": [30, 56], "uv_size": [8, 7]},
								"down": {"uv": [0, 33], "uv_size": [3, -4]}
							}
						},
						{
							"origin": [4.1, 26.9, -61.1],
							"size": [0, 2, 2],
							"uv": {
								"north": {"uv": [21, 35], "uv_size": [-20, 20]},
								"east": {"uv": [50, 51], "uv_size": [-10, 12]},
								"south": {"uv": [36, 36], "uv_size": [-10, 16]},
								"west": {"uv": [49, 38], "uv_size": [-10, 12]},
								"up": {"uv": [38, 56], "uv_size": [-8, 7]},
								"down": {"uv": [3, 33], "uv_size": [-3, -4]}
							}
						},
						{
							"origin": [-4.1, 26.9, -61.1],
							"size": [0, 2, 2],
							"uv": {
								"north": {"uv": [1, 35], "uv_size": [20, 20]},
								"east": {"uv": [39, 38], "uv_size": [10, 12]},
								"south": {"uv": [26, 36], "uv_size": [10, 16]},
								"west": {"uv": [40, 51], "uv_size": [10, 12]},
								"up": {"uv": [30, 56], "uv_size": [8, 7]},
								"down": {"uv": [0, 33], "uv_size": [3, -4]}
							}
						},
						{
							"origin": [4.099, 26.9, -64.6],
							"size": [0, 2, 2],
							"uv": {
								"north": {"uv": [21, 35], "uv_size": [-20, 20]},
								"east": {"uv": [50, 51], "uv_size": [-10, 12]},
								"south": {"uv": [36, 36], "uv_size": [-10, 16]},
								"west": {"uv": [49, 38], "uv_size": [-10, 12]},
								"up": {"uv": [38, 56], "uv_size": [-8, 7]},
								"down": {"uv": [3, 33], "uv_size": [-3, -4]}
							}
						},
						{
							"origin": [-4.099, 26.9, -64.6],
							"size": [0, 2, 2],
							"uv": {
								"north": {"uv": [1, 35], "uv_size": [20, 20]},
								"east": {"uv": [39, 38], "uv_size": [10, 12]},
								"south": {"uv": [26, 36], "uv_size": [10, 16]},
								"west": {"uv": [40, 51], "uv_size": [10, 12]},
								"up": {"uv": [30, 56], "uv_size": [8, 7]},
								"down": {"uv": [0, 33], "uv_size": [3, -4]}
							}
						},
						{
							"origin": [-3.1, 33.83673, -61.45089],
							"size": [6.2, 2, 7],
							"pivot": [0, 34.83673, -57.95089],
							"rotation": [22.5, 0, 0],
							"uv": {
								"north": {"uv": [1, 35], "uv_size": [20, 20]},
								"east": {"uv": [39, 38], "uv_size": [10, 12]},
								"south": {"uv": [26, 36], "uv_size": [10, 16]},
								"west": {"uv": [40, 51], "uv_size": [10, 12]},
								"up": {"uv": [30, 56], "uv_size": [8, 7]},
								"down": {"uv": [0, 33], "uv_size": [3, -4]}
							}
						},
						{
							"origin": [-5.1, 35.16139, -58.48645],
							"size": [2, 2, 6],
							"pivot": [-4.1, 36.16139, -55.48645],
							"rotation": [12.79362, -12.19908, -2.74715],
							"uv": {
								"north": {"uv": [1, 35], "uv_size": [20, 20]},
								"east": {"uv": [39, 38], "uv_size": [10, 12]},
								"south": {"uv": [26, 36], "uv_size": [10, 16]},
								"west": {"uv": [40, 51], "uv_size": [10, 12]},
								"up": {"uv": [30, 56], "uv_size": [8, 7]},
								"down": {"uv": [0, 33], "uv_size": [3, -4]}
							}
						},
						{
							"origin": [3.1, 35.16139, -58.48645],
							"size": [2, 2, 6],
							"pivot": [4.1, 36.16139, -55.48645],
							"rotation": [12.79362, 12.19908, 2.74715],
							"uv": {
								"north": {"uv": [21, 35], "uv_size": [-20, 20]},
								"east": {"uv": [50, 51], "uv_size": [-10, 12]},
								"south": {"uv": [36, 36], "uv_size": [-10, 16]},
								"west": {"uv": [49, 38], "uv_size": [-10, 12]},
								"up": {"uv": [38, 56], "uv_size": [-8, 7]},
								"down": {"uv": [3, 33], "uv_size": [-3, -4]}
							}
						},
						{
							"origin": [-4.09, 32.21213, -64.73223],
							"size": [8.18, 2.2, 2.8],
							"pivot": [0, 33.31213, -63.33223],
							"rotation": [45, 0, 0],
							"uv": {
								"north": {"uv": [1, 35], "uv_size": [20, 20]},
								"east": {"uv": [39, 38], "uv_size": [10, 12]},
								"south": {"uv": [26, 36], "uv_size": [10, 16]},
								"west": {"uv": [40, 51], "uv_size": [10, 12]},
								"up": {"uv": [30, 56], "uv_size": [8, 7]},
								"down": {"uv": [0, 33], "uv_size": [3, -4]}
							}
						},
						{
							"origin": [-4.1, 28.9, -65.1],
							"size": [8.2, 4.2, 2],
							"uv": {
								"north": {"uv": [1, 35], "uv_size": [20, 20]},
								"east": {"uv": [39, 38], "uv_size": [10, 12]},
								"south": {"uv": [26, 36], "uv_size": [10, 16]},
								"west": {"uv": [40, 51], "uv_size": [10, 12]},
								"up": {"uv": [30, 56], "uv_size": [8, 7]},
								"down": {"uv": [0, 33], "uv_size": [3, -4]}
							}
						},
						{
							"origin": [0.6, 26.9, -64.8],
							"size": [2.2, 2, 0],
							"uv": {
								"north": {"uv": [1, 35], "uv_size": [20, 20]},
								"east": {"uv": [39, 38], "uv_size": [10, 12]},
								"south": {"uv": [26, 36], "uv_size": [10, 16]},
								"west": {"uv": [40, 51], "uv_size": [10, 12]},
								"up": {"uv": [30, 56], "uv_size": [8, 7]},
								"down": {"uv": [0, 33], "uv_size": [3, -4]}
							}
						},
						{
							"origin": [-2.8, 26.9, -64.8],
							"size": [2.2, 2, 0],
							"uv": {
								"north": {"uv": [21, 35], "uv_size": [-20, 20]},
								"east": {"uv": [50, 51], "uv_size": [-10, 12]},
								"south": {"uv": [36, 36], "uv_size": [-10, 16]},
								"west": {"uv": [49, 38], "uv_size": [-10, 12]},
								"up": {"uv": [38, 56], "uv_size": [-8, 7]},
								"down": {"uv": [3, 33], "uv_size": [-3, -4]}
							}
						}
					]
				},
				{
					"name": "bone12",
					"parent": "head",
					"pivot": [0, 28.4, -47.04],
					"cubes": [
						{
							"origin": [-4.11, 24.9, -55.1],
							"size": [8.22, 4, 10.2],
							"uv": {
								"north": {"uv": [1, 35], "uv_size": [20, 20]},
								"east": {"uv": [39, 38], "uv_size": [10, 12]},
								"south": {"uv": [26, 36], "uv_size": [10, 16]},
								"west": {"uv": [40, 51], "uv_size": [10, 12]},
								"up": {"uv": [30, 56], "uv_size": [8, 7]},
								"down": {"uv": [0, 33], "uv_size": [3, -4]}
							}
						},
						{
							"origin": [-3.11, 25.9, -44.9],
							"size": [6.22, 3, 1],
							"uv": {
								"north": {"uv": [1, 35], "uv_size": [20, 20]},
								"east": {"uv": [39, 38], "uv_size": [10, 12]},
								"south": {"uv": [26, 36], "uv_size": [10, 16]},
								"west": {"uv": [40, 51], "uv_size": [10, 12]},
								"up": {"uv": [30, 56], "uv_size": [8, 7]},
								"down": {"uv": [0, 33], "uv_size": [3, -4]}
							}
						},
						{
							"origin": [4.1, 28.9, -54.1],
							"size": [0, 3, 9.2],
							"uv": {
								"north": {"uv": [1, 35], "uv_size": [20, 20]},
								"east": {"uv": [39, 38], "uv_size": [10, 12]},
								"south": {"uv": [26, 36], "uv_size": [10, 16]},
								"west": {"uv": [40, 51], "uv_size": [10, 12]},
								"up": {"uv": [30, 56], "uv_size": [8, 7]},
								"down": {"uv": [0, 33], "uv_size": [3, -4]}
							}
						},
						{
							"origin": [-4.1, 28.9, -54.1],
							"size": [0, 3, 9.2],
							"uv": {
								"north": {"uv": [21, 35], "uv_size": [-20, 20]},
								"east": {"uv": [50, 51], "uv_size": [-10, 12]},
								"south": {"uv": [36, 36], "uv_size": [-10, 16]},
								"west": {"uv": [49, 38], "uv_size": [-10, 12]},
								"up": {"uv": [38, 56], "uv_size": [-8, 7]},
								"down": {"uv": [3, 33], "uv_size": [-3, -4]}
							}
						},
						{
							"origin": [4.1, 24.9, -53.1],
							"size": [1, 4, 6.2],
							"uv": {
								"north": {"uv": [1, 35], "uv_size": [20, 20]},
								"east": {"uv": [39, 38], "uv_size": [10, 12]},
								"south": {"uv": [26, 36], "uv_size": [10, 16]},
								"west": {"uv": [40, 51], "uv_size": [10, 12]},
								"up": {"uv": [30, 56], "uv_size": [8, 7]},
								"down": {"uv": [0, 33], "uv_size": [3, -4]}
							}
						},
						{
							"origin": [-5.1, 24.9, -53.1],
							"size": [1, 4, 6.2],
							"uv": {
								"north": {"uv": [21, 35], "uv_size": [-20, 20]},
								"east": {"uv": [50, 51], "uv_size": [-10, 12]},
								"south": {"uv": [36, 36], "uv_size": [-10, 16]},
								"west": {"uv": [49, 38], "uv_size": [-10, 12]},
								"up": {"uv": [38, 56], "uv_size": [-8, 7]},
								"down": {"uv": [3, 33], "uv_size": [-3, -4]}
							}
						},
						{
							"origin": [3.66699, 24.9, -47.28397],
							"size": [1, 4, 2],
							"pivot": [4.16699, 26.9, -46.28397],
							"rotation": [0, -30, 0],
							"uv": {
								"north": {"uv": [1, 35], "uv_size": [20, 20]},
								"east": {"uv": [39, 38], "uv_size": [10, 12]},
								"south": {"uv": [26, 36], "uv_size": [10, 16]},
								"west": {"uv": [40, 51], "uv_size": [10, 12]},
								"up": {"uv": [30, 56], "uv_size": [8, 7]},
								"down": {"uv": [0, 33], "uv_size": [3, -4]}
							}
						},
						{
							"origin": [-4.66699, 24.9, -47.28397],
							"size": [1, 4, 2],
							"pivot": [-4.16699, 26.9, -46.28397],
							"rotation": [0, 30, 0],
							"uv": {
								"north": {"uv": [21, 35], "uv_size": [-20, 20]},
								"east": {"uv": [50, 51], "uv_size": [-10, 12]},
								"south": {"uv": [36, 36], "uv_size": [-10, 16]},
								"west": {"uv": [49, 38], "uv_size": [-10, 12]},
								"up": {"uv": [38, 56], "uv_size": [-8, 7]},
								"down": {"uv": [3, 33], "uv_size": [-3, -4]}
							}
						},
						{
							"origin": [3.66699, 24.9, -54.71603],
							"size": [1, 4, 2],
							"pivot": [4.16699, 26.9, -53.71603],
							"rotation": [0, 30, 0],
							"uv": {
								"north": {"uv": [36, 36], "uv_size": [-10, 16]},
								"east": {"uv": [49, 38], "uv_size": [-10, 12]},
								"south": {"uv": [21, 35], "uv_size": [-20, 20]},
								"west": {"uv": [50, 51], "uv_size": [-10, 12]},
								"up": {"uv": [30, 63], "uv_size": [8, -7]},
								"down": {"uv": [0, 29], "uv_size": [3, 4]}
							}
						},
						{
							"origin": [-4.66699, 24.9, -54.71603],
							"size": [1, 4, 2],
							"pivot": [-4.16699, 26.9, -53.71603],
							"rotation": [0, -30, 0],
							"uv": {
								"north": {"uv": [26, 36], "uv_size": [10, 16]},
								"east": {"uv": [40, 51], "uv_size": [10, 12]},
								"south": {"uv": [1, 35], "uv_size": [20, 20]},
								"west": {"uv": [39, 38], "uv_size": [10, 12]},
								"up": {"uv": [38, 63], "uv_size": [-8, -7]},
								"down": {"uv": [3, 29], "uv_size": [-3, 4]}
							}
						},
						{
							"origin": [-3.6, 23.9, -55.1],
							"size": [7.2, 1, 9.2],
							"uv": {
								"north": {"uv": [1, 35], "uv_size": [20, 20]},
								"east": {"uv": [39, 38], "uv_size": [10, 12]},
								"south": {"uv": [26, 36], "uv_size": [10, 16]},
								"west": {"uv": [40, 51], "uv_size": [10, 12]},
								"up": {"uv": [30, 56], "uv_size": [8, 7]},
								"down": {"uv": [0, 33], "uv_size": [3, -4]}
							}
						},
						{
							"origin": [-3.6, 24.9, -65.1],
							"size": [7.2, 4, 10],
							"uv": {
								"north": {"uv": [1, 35], "uv_size": [20, 20]},
								"east": {"uv": [39, 38], "uv_size": [10, 12]},
								"south": {"uv": [26, 36], "uv_size": [10, 16]},
								"west": {"uv": [40, 51], "uv_size": [10, 12]},
								"up": {"uv": [30, 56], "uv_size": [8, 7]},
								"down": {"uv": [0, 33], "uv_size": [3, -4]}
							}
						},
						{
							"origin": [-1.1, 28.9, -65],
							"size": [2.2, 2, 0],
							"uv": {
								"north": {"uv": [1, 35], "uv_size": [20, 20]},
								"east": {"uv": [39, 38], "uv_size": [10, 12]},
								"south": {"uv": [26, 36], "uv_size": [10, 16]},
								"west": {"uv": [40, 51], "uv_size": [10, 12]},
								"up": {"uv": [30, 56], "uv_size": [8, 7]},
								"down": {"uv": [0, 33], "uv_size": [3, -4]}
							}
						},
						{
							"origin": [3.6, 28.9, -57.3],
							"size": [0, 2, 2.2],
							"uv": {
								"north": {"uv": [1, 35], "uv_size": [20, 20]},
								"east": {"uv": [39, 38], "uv_size": [10, 12]},
								"south": {"uv": [26, 36], "uv_size": [10, 16]},
								"west": {"uv": [40, 51], "uv_size": [10, 12]},
								"up": {"uv": [30, 56], "uv_size": [8, 7]},
								"down": {"uv": [0, 33], "uv_size": [3, -4]}
							}
						},
						{
							"origin": [-3.6, 28.9, -57.3],
							"size": [0, 2, 2.2],
							"uv": {
								"north": {"uv": [21, 35], "uv_size": [-20, 20]},
								"east": {"uv": [50, 51], "uv_size": [-10, 12]},
								"south": {"uv": [36, 36], "uv_size": [-10, 16]},
								"west": {"uv": [49, 38], "uv_size": [-10, 12]},
								"up": {"uv": [38, 56], "uv_size": [-8, 7]},
								"down": {"uv": [3, 33], "uv_size": [-3, -4]}
							}
						},
						{
							"origin": [3.6, 28.9, -61.3],
							"size": [0, 2, 2.2],
							"uv": {
								"north": {"uv": [1, 35], "uv_size": [20, 20]},
								"east": {"uv": [39, 38], "uv_size": [10, 12]},
								"south": {"uv": [26, 36], "uv_size": [10, 16]},
								"west": {"uv": [40, 51], "uv_size": [10, 12]},
								"up": {"uv": [30, 56], "uv_size": [8, 7]},
								"down": {"uv": [0, 33], "uv_size": [3, -4]}
							}
						},
						{
							"origin": [-3.6, 28.9, -61.3],
							"size": [0, 2, 2.2],
							"uv": {
								"north": {"uv": [21, 35], "uv_size": [-20, 20]},
								"east": {"uv": [50, 51], "uv_size": [-10, 12]},
								"south": {"uv": [36, 36], "uv_size": [-10, 16]},
								"west": {"uv": [49, 38], "uv_size": [-10, 12]},
								"up": {"uv": [38, 56], "uv_size": [-8, 7]},
								"down": {"uv": [3, 33], "uv_size": [-3, -4]}
							}
						},
						{
							"origin": [2.6, 28.9, -65.3],
							"size": [0, 2, 2.2],
							"pivot": [2.6, 29.9, -64.2],
							"rotation": [0, 45, 0],
							"uv": {
								"north": {"uv": [1, 35], "uv_size": [20, 20]},
								"east": {"uv": [39, 38], "uv_size": [10, 12]},
								"south": {"uv": [26, 36], "uv_size": [10, 16]},
								"west": {"uv": [40, 51], "uv_size": [10, 12]},
								"up": {"uv": [30, 56], "uv_size": [8, 7]},
								"down": {"uv": [0, 33], "uv_size": [3, -4]}
							}
						},
						{
							"origin": [-2.6, 28.9, -65.3],
							"size": [0, 2, 2.2],
							"pivot": [-2.6, 29.9, -64.2],
							"rotation": [0, -45, 0],
							"uv": {
								"north": {"uv": [21, 35], "uv_size": [-20, 20]},
								"east": {"uv": [50, 51], "uv_size": [-10, 12]},
								"south": {"uv": [36, 36], "uv_size": [-10, 16]},
								"west": {"uv": [49, 38], "uv_size": [-10, 12]},
								"up": {"uv": [38, 56], "uv_size": [-8, 7]},
								"down": {"uv": [3, 33], "uv_size": [-3, -4]}
							}
						},
						{
							"origin": [-3.1, 23.9, -64.3],
							"size": [6.2, 1, 9.2],
							"uv": {
								"north": {"uv": [1, 35], "uv_size": [20, 20]},
								"east": {"uv": [39, 38], "uv_size": [10, 12]},
								"south": {"uv": [26, 36], "uv_size": [10, 16]},
								"west": {"uv": [40, 51], "uv_size": [10, 12]},
								"up": {"uv": [30, 56], "uv_size": [8, 7]},
								"down": {"uv": [0, 33], "uv_size": [3, -4]}
							}
						}
					]
				},
				{
					"name": "rightArm",
					"pivot": [-5, 22, 0]
				},
				{
					"name": "bone10",
					"parent": "rightArm",
					"pivot": [-10, 15, -21],
					"cubes": [
						{
							"origin": [-12, 13, -23],
							"size": [4, 7, 4],
							"pivot": [-10, 15, -21],
							"rotation": [32.5, 0, 0],
							"uv": {
								"north": {"uv": [4, 0], "uv_size": [-4, 12]},
								"east": {"uv": [4, 0], "uv_size": [-4, 12]},
								"south": {"uv": [4, 0], "uv_size": [-4, 12]},
								"west": {"uv": [4, 0], "uv_size": [-4, 12]},
								"up": {"uv": [0, 4], "uv_size": [4, -4]},
								"down": {"uv": [0, 4], "uv_size": [4, -4]}
							}
						},
						{
							"origin": [-11.5, 11, -28],
							"size": [3, 3, 5],
							"pivot": [-10, 16, -23],
							"rotation": [62.5, 0, 0],
							"uv": {
								"north": {"uv": [4, 0], "uv_size": [-4, 12]},
								"east": {"uv": [4, 0], "uv_size": [-4, 12]},
								"south": {"uv": [4, 0], "uv_size": [-4, 12]},
								"west": {"uv": [4, 0], "uv_size": [-4, 12]},
								"up": {"uv": [0, 4], "uv_size": [4, -4]},
								"down": {"uv": [0, 4], "uv_size": [4, -4]}
							}
						},
						{
							"origin": [-12, 11, -29],
							"size": [4, 3, 1],
							"pivot": [-21, 16, -23],
							"rotation": [62.5, 0, 0],
							"uv": {
								"north": {"uv": [4, 0], "uv_size": [-4, 12]},
								"east": {"uv": [4, 0], "uv_size": [-4, 12]},
								"south": {"uv": [4, 0], "uv_size": [-4, 12]},
								"west": {"uv": [4, 0], "uv_size": [-4, 12]},
								"up": {"uv": [0, 4], "uv_size": [4, -4]},
								"down": {"uv": [0, 4], "uv_size": [4, -4]}
							}
						},
						{
							"origin": [-10.5, 7.78013, -20.79566],
							"size": [1, 2, 1],
							"pivot": [-9.5, 8.78013, -20.29566],
							"rotation": [85, 0, 0],
							"uv": {
								"north": {"uv": [4, 0], "uv_size": [-4, 12]},
								"east": {"uv": [4, 0], "uv_size": [-4, 12]},
								"south": {"uv": [4, 0], "uv_size": [-4, 12]},
								"west": {"uv": [4, 0], "uv_size": [-4, 12]},
								"up": {"uv": [0, 4], "uv_size": [4, -4]},
								"down": {"uv": [0, 4], "uv_size": [4, -4]}
							}
						},
						{
							"origin": [-12.13172, 8.02324, -21.01498],
							"size": [1, 2, 1],
							"pivot": [-11.63172, 9.02324, -20.51498],
							"rotation": [94.17841, -13.27207, 7.05309],
							"uv": {
								"north": {"uv": [4, 0], "uv_size": [-4, 12]},
								"east": {"uv": [4, 0], "uv_size": [-4, 12]},
								"south": {"uv": [4, 0], "uv_size": [-4, 12]},
								"west": {"uv": [4, 0], "uv_size": [-4, 12]},
								"up": {"uv": [0, 4], "uv_size": [4, -4]},
								"down": {"uv": [0, 4], "uv_size": [4, -4]}
							}
						},
						{
							"origin": [-8.86828, 8.02324, -21.01498],
							"size": [1, 2, 1],
							"pivot": [-8.36828, 9.02324, -20.51498],
							"rotation": [94.17841, 13.27207, -7.05309],
							"uv": {
								"north": {"uv": [0, 0], "uv_size": [4, 12]},
								"east": {"uv": [0, 0], "uv_size": [4, 12]},
								"south": {"uv": [0, 0], "uv_size": [4, 12]},
								"west": {"uv": [0, 0], "uv_size": [4, 12]},
								"up": {"uv": [4, 4], "uv_size": [-4, -4]},
								"down": {"uv": [4, 4], "uv_size": [-4, -4]}
							}
						}
					]
				},
				{
					"name": "leftArm",
					"pivot": [5, 18, 0]
				},
				{
					"name": "bone9",
					"parent": "leftArm",
					"pivot": [10, 15, -21],
					"cubes": [
						{
							"origin": [8, 13, -23],
							"size": [4, 7, 4],
							"pivot": [10, 15, -21],
							"rotation": [32.5, 0, 0],
							"uv": {
								"north": {"uv": [0, 0], "uv_size": [4, 12]},
								"east": {"uv": [0, 0], "uv_size": [4, 12]},
								"south": {"uv": [0, 0], "uv_size": [4, 12]},
								"west": {"uv": [0, 0], "uv_size": [4, 12]},
								"up": {"uv": [4, 4], "uv_size": [-4, -4]},
								"down": {"uv": [4, 4], "uv_size": [-4, -4]}
							}
						},
						{
							"origin": [8.5, 11, -28],
							"size": [3, 3, 5],
							"pivot": [10, 16, -23],
							"rotation": [62.5, 0, 0],
							"uv": {
								"north": {"uv": [0, 0], "uv_size": [4, 12]},
								"east": {"uv": [0, 0], "uv_size": [4, 12]},
								"south": {"uv": [0, 0], "uv_size": [4, 12]},
								"west": {"uv": [0, 0], "uv_size": [4, 12]},
								"up": {"uv": [4, 4], "uv_size": [-4, -4]},
								"down": {"uv": [4, 4], "uv_size": [-4, -4]}
							}
						},
						{
							"origin": [8, 11, -29],
							"size": [4, 3, 1],
							"pivot": [21, 16, -23],
							"rotation": [62.5, 0, 0],
							"uv": {
								"north": {"uv": [0, 0], "uv_size": [4, 12]},
								"east": {"uv": [0, 0], "uv_size": [4, 12]},
								"south": {"uv": [0, 0], "uv_size": [4, 12]},
								"west": {"uv": [0, 0], "uv_size": [4, 12]},
								"up": {"uv": [4, 4], "uv_size": [-4, -4]},
								"down": {"uv": [4, 4], "uv_size": [-4, -4]}
							}
						},
						{
							"origin": [9.5, 7.78013, -20.79566],
							"size": [1, 2, 1],
							"pivot": [9.5, 8.78013, -20.29566],
							"rotation": [85, 0, 0],
							"uv": {
								"north": {"uv": [0, 0], "uv_size": [4, 12]},
								"east": {"uv": [0, 0], "uv_size": [4, 12]},
								"south": {"uv": [0, 0], "uv_size": [4, 12]},
								"west": {"uv": [0, 0], "uv_size": [4, 12]},
								"up": {"uv": [4, 4], "uv_size": [-4, -4]},
								"down": {"uv": [4, 4], "uv_size": [-4, -4]}
							}
						},
						{
							"origin": [11.13172, 8.02324, -21.01498],
							"size": [1, 2, 1],
							"pivot": [11.63172, 9.02324, -20.51498],
							"rotation": [94.17841, 13.27207, -7.05309],
							"uv": {
								"north": {"uv": [0, 0], "uv_size": [4, 12]},
								"east": {"uv": [0, 0], "uv_size": [4, 12]},
								"south": {"uv": [0, 0], "uv_size": [4, 12]},
								"west": {"uv": [0, 0], "uv_size": [4, 12]},
								"up": {"uv": [4, 4], "uv_size": [-4, -4]},
								"down": {"uv": [4, 4], "uv_size": [-4, -4]}
							}
						},
						{
							"origin": [7.86828, 8.02324, -21.01498],
							"size": [1, 2, 1],
							"pivot": [8.36828, 9.02324, -20.51498],
							"rotation": [94.17841, -13.27207, 7.05309],
							"uv": {
								"north": {"uv": [4, 0], "uv_size": [-4, 12]},
								"east": {"uv": [4, 0], "uv_size": [-4, 12]},
								"south": {"uv": [4, 0], "uv_size": [-4, 12]},
								"west": {"uv": [4, 0], "uv_size": [-4, 12]},
								"up": {"uv": [0, 4], "uv_size": [4, -4]},
								"down": {"uv": [0, 4], "uv_size": [4, -4]}
							}
						}
					]
				},
				{
					"name": "rightLeg",
					"pivot": [0.1, 12, -4]
				},
				{
					"name": "bone5",
					"parent": "rightLeg",
					"pivot": [0.1, 12, -4]
				},
				{
					"name": "bone6",
					"parent": "bone5",
					"pivot": [-6, 0, 2],
					"cubes": [
						{
							"origin": [-13.11, -0.09, -1.11],
							"size": [7.2, 4.2, 8.2],
							"uv": {
								"north": {"uv": [40, 0], "uv_size": [-9, 34]},
								"east": {"uv": [51, 0], "uv_size": [-9, 34]},
								"south": {"uv": [51, 0], "uv_size": [-9, 34]},
								"west": {"uv": [51, 0], "uv_size": [-9, 34]},
								"up": {"uv": [40, 12], "uv_size": [-4, 4]},
								"down": {"uv": [50, 33], "uv_size": [-2, -4]}
							}
						},
						{
							"origin": [-13.80562, 0.2, -2.21332],
							"size": [2.2, 2.8, 2],
							"pivot": [-12.70562, 1.51, -1.21332],
							"rotation": [-20, 37.5, 0],
							"uv": {
								"north": {"uv": [40, 0], "uv_size": [-9, 34]},
								"east": {"uv": [51, 0], "uv_size": [-9, 34]},
								"south": {"uv": [51, 0], "uv_size": [-9, 34]},
								"west": {"uv": [51, 0], "uv_size": [-9, 34]},
								"up": {"uv": [40, 12], "uv_size": [-4, 4]},
								"down": {"uv": [50, 33], "uv_size": [-2, -4]}
							}
						},
						{
							"origin": [-13.3, 1.4, -5.21332],
							"size": [1.2, 1.8, 4],
							"pivot": [-12.70562, 2.51, -1.21332],
							"rotation": [22.5, 37.5, 0],
							"uv": {
								"north": {"uv": [40, 0], "uv_size": [-9, 34]},
								"east": {"uv": [51, 0], "uv_size": [-9, 34]},
								"south": {"uv": [51, 0], "uv_size": [-9, 34]},
								"west": {"uv": [51, 0], "uv_size": [-9, 34]},
								"up": {"uv": [40, 12], "uv_size": [-4, 4]},
								"down": {"uv": [50, 33], "uv_size": [-2, -4]}
							}
						},
						{
							"origin": [-10.3, 1.5, -5.5],
							"size": [1.2, 1.8, 4],
							"pivot": [-9.70562, 2.51, -1.21332],
							"rotation": [22.5, 0, 0],
							"uv": {
								"north": {"uv": [40, 0], "uv_size": [-9, 34]},
								"east": {"uv": [51, 0], "uv_size": [-9, 34]},
								"south": {"uv": [51, 0], "uv_size": [-9, 34]},
								"west": {"uv": [51, 0], "uv_size": [-9, 34]},
								"up": {"uv": [40, 12], "uv_size": [-4, 4]},
								"down": {"uv": [50, 33], "uv_size": [-2, -4]}
							}
						},
						{
							"origin": [-6.9, 1.4, -5.21332],
							"size": [1.2, 1.8, 4],
							"pivot": [-6.29438, 2.51, -1.21332],
							"rotation": [22.5, -37.5, 0],
							"uv": {
								"north": {"uv": [31, 0], "uv_size": [9, 34]},
								"east": {"uv": [42, 0], "uv_size": [9, 34]},
								"south": {"uv": [42, 0], "uv_size": [9, 34]},
								"west": {"uv": [42, 0], "uv_size": [9, 34]},
								"up": {"uv": [36, 12], "uv_size": [4, 4]},
								"down": {"uv": [48, 33], "uv_size": [2, -4]}
							}
						},
						{
							"origin": [-10.80562, 0.4, -2.6],
							"size": [2.2, 2.8, 2],
							"pivot": [-9.70562, 1.51, -2.21332],
							"rotation": [-20, 0, 0],
							"uv": {
								"north": {"uv": [40, 0], "uv_size": [-9, 34]},
								"east": {"uv": [51, 0], "uv_size": [-9, 34]},
								"south": {"uv": [51, 0], "uv_size": [-9, 34]},
								"west": {"uv": [51, 0], "uv_size": [-9, 34]},
								"up": {"uv": [40, 12], "uv_size": [-4, 4]},
								"down": {"uv": [50, 33], "uv_size": [-2, -4]}
							}
						},
						{
							"origin": [-7.39438, 0.2, -2.21332],
							"size": [2.2, 2.8, 2],
							"pivot": [-6.29438, 1.51, -1.21332],
							"rotation": [-20, -37.5, 0],
							"uv": {
								"north": {"uv": [31, 0], "uv_size": [9, 34]},
								"east": {"uv": [42, 0], "uv_size": [9, 34]},
								"south": {"uv": [42, 0], "uv_size": [9, 34]},
								"west": {"uv": [42, 0], "uv_size": [9, 34]},
								"up": {"uv": [36, 12], "uv_size": [4, 4]},
								"down": {"uv": [48, 33], "uv_size": [2, -4]}
							}
						}
					]
				},
				{
					"name": "bone7",
					"parent": "bone5",
					"pivot": [-9.51, 8.61, 1.99],
					"cubes": [
						{
							"origin": [-14.11, 3.11, -3.11],
							"size": [9.2, 11, 10.2],
							"pivot": [-9.51, 8.61, 1.99],
							"rotation": [12.5, 0, 0],
							"uv": {
								"north": {"uv": [40, 0], "uv_size": [-9, 34]},
								"east": {"uv": [51, 0], "uv_size": [-9, 34]},
								"south": {"uv": [51, 0], "uv_size": [-9, 34]},
								"west": {"uv": [51, 0], "uv_size": [-9, 34]},
								"up": {"uv": [40, 12], "uv_size": [-4, 4]},
								"down": {"uv": [50, 33], "uv_size": [-2, -4]}
							}
						}
					]
				},
				{
					"name": "bone8",
					"parent": "bone5",
					"pivot": [-9.51, 16.93222, 0.3667],
					"cubes": [
						{
							"origin": [-13.11, 11.93222, -4.5],
							"size": [7.2, 7, 11.2],
							"pivot": [-9.51, 16.93222, 0.3667],
							"rotation": [-9.75464, 0, 0],
							"uv": {
								"north": {"uv": [40, 0], "uv_size": [-9, 34]},
								"east": {"uv": [51, 0], "uv_size": [-9, 34]},
								"south": {"uv": [51, 0], "uv_size": [-9, 34]},
								"west": {"uv": [51, 0], "uv_size": [-9, 34]},
								"up": {"uv": [40, 12], "uv_size": [-4, 4]},
								"down": {"uv": [50, 33], "uv_size": [-2, -4]}
							}
						},
						{
							"origin": [-14.11, 18.93222, -5.5],
							"size": [8.2, 13, 13.2],
							"pivot": [-9.51, 16.93222, 0.3667],
							"rotation": [-9.75464, 0, 0],
							"uv": {
								"north": {"uv": [40, 0], "uv_size": [-9, 34]},
								"east": {"uv": [51, 0], "uv_size": [-9, 34]},
								"south": {"uv": [51, 0], "uv_size": [-9, 34]},
								"west": {"uv": [51, 0], "uv_size": [-9, 34]},
								"up": {"uv": [40, 12], "uv_size": [-4, 4]},
								"down": {"uv": [50, 33], "uv_size": [-2, -4]}
							}
						}
					]
				},
				{
					"name": "leftLeg",
					"pivot": [-0.1, 12, 0]
				},
				{
					"name": "bone2",
					"parent": "leftLeg",
					"pivot": [-0.1, 12, -4]
				},
				{
					"name": "bone3",
					"parent": "bone2",
					"pivot": [6, 0, 2],
					"cubes": [
						{
							"origin": [5.91, -0.09, -1.11],
							"size": [7.2, 4.2, 8.2],
							"uv": {
								"north": {"uv": [31, 0], "uv_size": [9, 34]},
								"east": {"uv": [42, 0], "uv_size": [9, 34]},
								"south": {"uv": [42, 0], "uv_size": [9, 34]},
								"west": {"uv": [42, 0], "uv_size": [9, 34]},
								"up": {"uv": [36, 12], "uv_size": [4, 4]},
								"down": {"uv": [48, 33], "uv_size": [2, -4]}
							}
						},
						{
							"origin": [11.60562, 0.2, -2.21332],
							"size": [2.2, 2.8, 2],
							"pivot": [12.70562, 1.51, -1.21332],
							"rotation": [-20, -37.5, 0],
							"uv": {
								"north": {"uv": [31, 0], "uv_size": [9, 34]},
								"east": {"uv": [42, 0], "uv_size": [9, 34]},
								"south": {"uv": [42, 0], "uv_size": [9, 34]},
								"west": {"uv": [42, 0], "uv_size": [9, 34]},
								"up": {"uv": [36, 12], "uv_size": [4, 4]},
								"down": {"uv": [48, 33], "uv_size": [2, -4]}
							}
						},
						{
							"origin": [12.1, 1.4, -5.21332],
							"size": [1.2, 1.8, 4],
							"pivot": [12.70562, 2.51, -1.21332],
							"rotation": [22.5, -37.5, 0],
							"uv": {
								"north": {"uv": [31, 0], "uv_size": [9, 34]},
								"east": {"uv": [42, 0], "uv_size": [9, 34]},
								"south": {"uv": [42, 0], "uv_size": [9, 34]},
								"west": {"uv": [42, 0], "uv_size": [9, 34]},
								"up": {"uv": [36, 12], "uv_size": [4, 4]},
								"down": {"uv": [48, 33], "uv_size": [2, -4]}
							}
						},
						{
							"origin": [9.1, 1.5, -5.5],
							"size": [1.2, 1.8, 4],
							"pivot": [9.70562, 2.51, -1.21332],
							"rotation": [22.5, 0, 0],
							"uv": {
								"north": {"uv": [31, 0], "uv_size": [9, 34]},
								"east": {"uv": [42, 0], "uv_size": [9, 34]},
								"south": {"uv": [42, 0], "uv_size": [9, 34]},
								"west": {"uv": [42, 0], "uv_size": [9, 34]},
								"up": {"uv": [36, 12], "uv_size": [4, 4]},
								"down": {"uv": [48, 33], "uv_size": [2, -4]}
							}
						},
						{
							"origin": [5.7, 1.4, -5.21332],
							"size": [1.2, 1.8, 4],
							"pivot": [6.29438, 2.51, -1.21332],
							"rotation": [22.5, 37.5, 0],
							"uv": {
								"north": {"uv": [40, 0], "uv_size": [-9, 34]},
								"east": {"uv": [51, 0], "uv_size": [-9, 34]},
								"south": {"uv": [51, 0], "uv_size": [-9, 34]},
								"west": {"uv": [51, 0], "uv_size": [-9, 34]},
								"up": {"uv": [40, 12], "uv_size": [-4, 4]},
								"down": {"uv": [50, 33], "uv_size": [-2, -4]}
							}
						},
						{
							"origin": [8.60562, 0.4, -2.6],
							"size": [2.2, 2.8, 2],
							"pivot": [9.70562, 1.51, -2.21332],
							"rotation": [-20, 0, 0],
							"uv": {
								"north": {"uv": [31, 0], "uv_size": [9, 34]},
								"east": {"uv": [42, 0], "uv_size": [9, 34]},
								"south": {"uv": [42, 0], "uv_size": [9, 34]},
								"west": {"uv": [42, 0], "uv_size": [9, 34]},
								"up": {"uv": [36, 12], "uv_size": [4, 4]},
								"down": {"uv": [48, 33], "uv_size": [2, -4]}
							}
						},
						{
							"origin": [5.19438, 0.2, -2.21332],
							"size": [2.2, 2.8, 2],
							"pivot": [6.29438, 1.51, -1.21332],
							"rotation": [-20, 37.5, 0],
							"uv": {
								"north": {"uv": [40, 0], "uv_size": [-9, 34]},
								"east": {"uv": [51, 0], "uv_size": [-9, 34]},
								"south": {"uv": [51, 0], "uv_size": [-9, 34]},
								"west": {"uv": [51, 0], "uv_size": [-9, 34]},
								"up": {"uv": [40, 12], "uv_size": [-4, 4]},
								"down": {"uv": [50, 33], "uv_size": [-2, -4]}
							}
						}
					]
				},
				{
					"name": "bone4",
					"parent": "bone2",
					"pivot": [9.51, 8.61, 1.99],
					"cubes": [
						{
							"origin": [4.91, 3.11, -3.11],
							"size": [9.2, 11, 10.2],
							"pivot": [9.51, 8.61, 1.99],
							"rotation": [12.5, 0, 0],
							"uv": {
								"north": {"uv": [31, 0], "uv_size": [9, 34]},
								"east": {"uv": [42, 0], "uv_size": [9, 34]},
								"south": {"uv": [42, 0], "uv_size": [9, 34]},
								"west": {"uv": [42, 0], "uv_size": [9, 34]},
								"up": {"uv": [36, 12], "uv_size": [4, 4]},
								"down": {"uv": [48, 33], "uv_size": [2, -4]}
							}
						}
					]
				},
				{
					"name": "bone11",
					"parent": "bone2",
					"pivot": [9.51, 16.93222, 0.3667],
					"cubes": [
						{
							"origin": [5.91, 11.93222, -4.5],
							"size": [7.2, 7, 11.2],
							"pivot": [9.51, 16.93222, 0.3667],
							"rotation": [-9.75464, 0, 0],
							"uv": {
								"north": {"uv": [31, 0], "uv_size": [9, 34]},
								"east": {"uv": [42, 0], "uv_size": [9, 34]},
								"south": {"uv": [42, 0], "uv_size": [9, 34]},
								"west": {"uv": [42, 0], "uv_size": [9, 34]},
								"up": {"uv": [36, 12], "uv_size": [4, 4]},
								"down": {"uv": [48, 33], "uv_size": [2, -4]}
							}
						},
						{
							"origin": [5.91, 18.93222, -5.5],
							"size": [8.2, 13, 13.2],
							"pivot": [9.51, 16.93222, 0.3667],
							"rotation": [-9.75464, 0, 0],
							"uv": {
								"north": {"uv": [31, 0], "uv_size": [9, 34]},
								"east": {"uv": [42, 0], "uv_size": [9, 34]},
								"south": {"uv": [42, 0], "uv_size": [9, 34]},
								"west": {"uv": [42, 0], "uv_size": [9, 34]},
								"up": {"uv": [36, 12], "uv_size": [4, 4]},
								"down": {"uv": [48, 33], "uv_size": [2, -4]}
							}
						}
					]
				},
				{
					"name": "rightItem",
					"pivot": [-6, 15, 1]
				}
			]
		}
	]
}